,post_rank,author,age,score,post_link,title
0,1.,Daniel_sk,14 hours ago,1196 points,https://www.statewatch.org/media/1434/eu-council-draft-declaration-against-encryption-12143-20.pdf,EU Draft Council Declaration Against Encryption [pdf]
1,2.,jasim,5 hours ago,144 points,https://www.mit.edu/~xela/tao.html,The Tao of Programming (1987)
2,3.,zwbetz,7 hours ago,202 points,https://zwbetz.com/attention-is-my-most-valuable-asset-for-productivity-as-a-software-developer/,Attention Is My Most Valuable Asset for Productivity as a Software Developer
3,4.,dariosalvi78,13 hours ago,473 points,https://github.com/rileytestut/AltStore,AltStore: An alternative app store for non-jailbroken iOS devices
4,5.,todsacerdoti,2 hours ago,16 points,https://www.cnx-software.com/2020/11/09/xuantie-c906-based-allwinner-risc-v-processor-to-power-12-linux-sbcs/,XuanTie C906 based Allwinner RISC-V processor to power $12 Linux SBC's
5,6.,ridddle,5 hours ago,92 points,http://matpalm.com/blog/cool_machine_learning_books/,Cool Machine Learning Books
6,7.,Osiris30,4 hours ago,48 points,https://dormin.org/2020/11/08/the-blind-alone-and-confused-for-24-hours-challenge/,I'm going to experiment by being Blind and Alone for 24 Hours
7,8.,ingve,3 hours ago,339 points,https://github.com/Marak/faker.js/issues/1046,No More Free Work from Marak: Pay Me or Fork This
8,9.,tbodt,14 hours ago,630 points,https://ish.app/app-store-removal,About iSH’s pending removal from the App Store
9,10.,svikashk,6 hours ago,100 points,https://paveldogreat.github.io/WebGL-Fluid-Simulation/,A fun website that simulates fluid
10,11.,sethetter,5 hours ago,64 points,https://sethetter.com/posts/start-with-pen-and-paper/,Start with pen and paper
11,12.,,3 hours ago,,https://www.notion.so/opvia/Jobs-151305ed30a140f29ec9eb7df00deadc,Opvia (YC S20) Is Hiring
12,13.,syrusakbary,3 hours ago,73 points,https://twitter.com/a_Shell_iOS/status/1325526061099196416,Apple requests to remove WebAssembly support in a-Shell
13,14.,Tomte,5 hours ago,20 points,http://composingprograms.com/,Composing Programs
14,15.,vitplister,11 hours ago,166 points,https://probablydance.com/2020/11/08/looking-for-voter-fraud-in-old-elections-with-data-visualization/,Looking for Voter Fraud (In Old Elections) with Data Visualization
15,16.,3131s,2 hours ago,94 points,https://www.scientificamerican.com/article/soil-depletion-and-nutrition-loss/,Dirt Poor: Have Fruits and Vegetables Become Less Nutritious? (2011)
16,17.,opsdisk,12 hours ago,115 points,https://blog.opsdisk.com/restoring-a-37-year-old-ibm-model-f-mechanical-keyboard.html,Restoring a 37 Year-Old IBM F Mechanical Keyboard
17,18.,ingve,2 hours ago,10 points,https://ericniebler.com/2020/11/08/structured-concurrency/,Structured Concurrency
18,19.,bitcynth,6 hours ago,28 points,https://blog.cynthia.re/post/bgp-lego,BGP Lego Bricks
19,20.,asaaki,4 hours ago,26 points,https://markentier.tech/posts/2020/10/wrote-javascript-to-avoid-javascript/,I wrote JavaScript to avoid JavaScript
20,21.,polm23,11 hours ago,102 points,https://www.dampfkraft.com/posuto.html,Parsing the Infamous Japanese Postal CSV
21,22.,elsewhen,9 hours ago,293 points,https://www.reddit.com/r/oculus/comments/jqh1bg/i_now_have_an_oculus_paperweight/,I now have an Oculus paperweight
22,23.,creolabs,5 hours ago,13 points,https://marcobambini.github.io/gravity/#/embedding,Embed Gravity programming language into your code
23,24.,Anon84,12 hours ago,72 points,https://rpsychologist.com/d3/nhst/,Understanding Statistical Power and Significance Testing
24,25.,prostoalex,18 hours ago,334 points,https://www.economist.com/science-and-technology/2020/10/31/stopping-some-fishing-would-increase-overall-catches,Stopping some fishing would increase overall catches
25,26.,sbmthakur,10 hours ago,73 points,https://artsandculture.google.com/story/1gWB3H6KKgnS-g,P.L. Deshpande
26,27.,robin_reala,12 hours ago,59 points,http://www.righto.com/2020/11/reverse-engineering-carry-lookahead.html,Reverse-engineering the carry-lookahead circuit in the Intel 8008 processor
27,28.,teruakohatu,13 hours ago,66 points,https://en.wikipedia.org/wiki/Lun-class_ekranoplan,Soviet Lun-Class Ekranoplan Ground Effect Vehicle
28,29.,jfdi,11 hours ago,60 points,https://increment.me,Increment.me: easily get anonymous feedback on anything
29,30.,rajlego,11 hours ago,68 points,https://autotranslucence.wordpress.com/2018/03/30/becoming-a-magician/,Becoming a magician (2018)
30,31.,krayonatan,6 hours ago,23 points,https://yonatankra.com/how-does-the-event-loop-work/,How does the event loop work in JavaScript? [video]
31,32.,alhirzel,9 hours ago,20 points,https://forum.babylonjs.com/t/path-tracing-with-babylon-background-and-implementation/12832,"Path Tracing with Babylon, Background and Implementation"
32,33.,pcr910303,7 hours ago,24 points,https://joshwcomeau.com/css/pixel-perfection/,Chasing the Pixel-Perfect Dream
33,34.,Petiver,14 hours ago,49 points,https://daily.jstor.org/when-the-english-witnessed-battles-in-the-sky/,When the English Witnessed Battles in the Sky
34,35.,ricardo81,1 hour ago,9 points,https://www.reddit.com/r/privacytoolsIO/comments/jpgbdm/firefox_uses_google_geo_api_by_default/,Firefox uses Google geo API by default
35,36.,fluctuation,8 hours ago,34 points,http://guessthecorrelation.com/,Guess the Correlation
36,37.,jelliclesfarm,9 hours ago,17 points,https://undark.org/2020/11/04/save-wild-ginseng-appalachia/,"In Appalachia, a Plan to Save Wild Ginseng"
37,38.,nairboon,15 hours ago,139 points,https://securelist.com/ransomexx-trojan-attacks-linux-systems/99279/,RansomEXX Trojan attacks Linux systems
38,39.,slater,16 hours ago,866 points,https://twitter.com/Jeopardy/status/1325490106329751553,Alex Trebek has died
39,40.,azhenley,18 hours ago,181 points,https://arzg.github.io/lang/,Making a programming language using Rust
40,41.,distalx,22 hours ago,339 points,https://support.google.com/pixelphone/thread/70006808?hl=en,Taking screenshots isn't allowed by the app after upgrading to Android 11
41,42.,tmabraham,9 hours ago,14 points,https://numfocus.org/blog/jupytercon2020-coc,JupyterCon 2020: Code of Conduct Reports
42,43.,tyoma,4 hours ago,4 points,https://lemire.me/blog/2020/11/08/benchmarking-theorem-provers-for-programming-tasks-yices-vs-z3/,Benchmarking theorem provers for programming tasks: yices vs. z3
43,44.,mmm_grayons,21 hours ago,220 points,https://github.com/sq5bpf/etherify,Transmit Radio Signals via Ethernet
44,45.,lelf,8 hours ago,24 points,https://github.com/amd/aocl-libm-ose,AMD/aocl-libm-ose: AMD libm
45,46.,denvaar,18 hours ago,161 points,https://denvaar.github.io/articles/problem_solving_example.html,Problem Solving Techniques
46,47.,LopRabbit,3 hours ago,11 points,https://www.zdnet.com/article/yahoo-mail-discontinues-automatic-email-forwarding-for-free-users/,Yahoo Mail discontinues automatic email forwarding for free users
47,48.,BossingAround,21 hours ago,246 points,https://articles.tilt365.com/identify-destructive-leadership-patterns/,Clues to identify a destructive leader
48,49.,lelf,16 hours ago,113 points,https://www.phoronix.com/scan.php?page=news_item&px=LLVM-Clang-12-Microarch-Levels,LLVM Clang 12 Merges Support For x86_64 Microarchitecture Levels
49,50.,panny,3 hours ago,8 points,https://www.bbc.com/news/world-africa-37243190,Vote rigging: How to spot the tell-tale signs (2016)
50,51.,respinal,11 hours ago,74 points,https://theconversation.com/only-the-richest-ancient-athenians-paid-taxes-and-they-bragged-about-it-147249,Only the richest ancient Athenians paid taxes – and they bragged about it
51,52.,jaemoe,23 hours ago,236 points,https://jae.moe/blog/2020/11/one-week-of-nixos/,One Week of NixOS
52,53.,lihaoyi,8 hours ago,8 points,https://www.lihaoyi.com/post/BuildyourownProgrammingLanguagewithScala.html,Build Your Own Programming Language with Scala
53,54.,stjo,9 hours ago,8 points,https://damonmccoy.com/papers/ecrime2019.pdf,Mapping the Underground: Supervised Discovery of Cybercrime Supply Chains [pdf]
54,55.,RyanShook,18 hours ago,200 points,https://www.vice.com/en/article/qvmkdd/counterfeit-iphone-x-review-and-teardown,"Review: A Counterfeit, $100 iPhone X"
55,56.,samberry,12 hours ago,40 points,https://seberry.medium.com/windows-insecurity-10c33aa8f5db,Inexcusable insecurity in Windows
56,57.,thunderbong,1 day ago,241 points,https://www.blackmagicdesign.com/products/davinciresolve/,DaVinci Resolve – A high-end video editing/post-production software program
57,58.,noyesno,18 hours ago,30 points,https://thelastdaysofmankind.org/,The Last Days of Mankind
58,59.,scastiel,19 hours ago,120 points,https://mysideproject.rocks,Show HN: My Side Project Rocks – Share and discover side projects
59,60.,sharjeelsayed,1 day ago,245 points,https://postgresqlco.nf/en/doc/param/,PostgreSQL Configuration for Humans
60,61.,luu,1 day ago,272 points,http://sarabee.github.io/2020/09/13/is-this-mahler/,Is this Mahler? This sounds like Mahler
61,62.,josephpmay,18 hours ago,109 points,https://www.bigassfans.com/air-disinfection/,Big Ass Fan’s Clean Air System
62,63.,parsecs,12 hours ago,14 points,https://www.kj7nzl.net/blog/3-reasons-why-i-took-a-break-from-ham-radio-why-i-came-back/,I Took a Break from Ham Radio and Why I Came Back
63,64.,protontypes,21 hours ago,114 points,https://github.com/ropensci/stplanr,Sustainable Transport Planning with R
64,65.,dplgk,19 hours ago,78 points,https://kaleidoscope.app/release-notes,"macOS file diff app, Kaleidoscope, acquired by Letter Opener GmbH"
65,66.,Tomte,2 hours ago,4 points,https://www.theverge.com/2020/11/9/21556154/apple-supplier-pegatron-student-labor-violation,Apple puts major supplier Pegatron on probation for labor violations
66,67.,ffpip,1 day ago,434 points,https://gitlab.com/fuck-capitalism/spotifykeydumper,SpotifyKeyDumper – Dump song decryption keys from the Windows Spotify client
67,68.,desilentio,22 hours ago,42 points,https://www.modelfkeyboards.com/,A new model-F keyboard
68,69.,nl5887,1 day ago,39 points,https://github.com/trailofbits/sinter,Sinter: A user-mode application authorization system for macOS written in Swift
69,70.,maguay,19 hours ago,75 points,https://capiche.com/e/yo-atomized-communication,The accidental genius of Yo
70,71.,giuliomagnifico,17 hours ago,59 points,https://www.silentium.com/advanced-broad-band-active-noise-cancellation-now-available-in-cars/,How active noise cancellation for automotive works
71,72.,justiceforsaas,10 hours ago,5 points,https://zerotousers.substack.com/p/15-acquisition-channels-i-discovered,15 Acquisition Channels I Discovered from Reading 479 Founder Interviews
72,73.,gbrindisi,19 hours ago,11 points,https://cloudberry.engineering/article/google-cloud-iam-security-guide/,Google Cloud IAM for Security Teams
73,74.,pseudolus,9 hours ago,28 points,https://www.bloomberg.com/news/articles/2020-11-05/bentley-to-retire-roaring-12-cylinder-engines-in-electric-shift,"Bentley to Retire Roaring 12-Cylinder Engines, Go Electric"
74,75.,elvis70,16 hours ago,44 points,https://archive.org/details/softside-magazine-59/page/n9,Computer Crime: Pirates and Phone Phreaks (1983)
75,76.,jensneuse,1 day ago,448 points,https://wundergraph.com/blog/why_not_use_graphql,Why not use GraphQL?
76,77.,jimiray,1 day ago,270 points,http://www.mutt.org/relnotes/2.0/,Mutt 2.0 Release Notes
77,78.,petepete,1 day ago,295 points,https://github.com/Fmstrat/winapps,WinApps: Run Windows apps in Linux as if they were a part of the native OS
78,79.,todsacerdoti,12 hours ago,5 points,https://www.servethehome.com/getting-started-with-vmware-esxi-on-arm-with-a-raspberry-pi/,Getting Started with VMware ESXi on ARM with a Raspberry Pi
79,80.,rrao84,1 day ago,215 points,https://ottverse.com/stack-videos-horizontally-vertically-grid-with-ffmpeg/,"Stack Videos Horizontally, Vertically, in a Grid With FFmpeg"
80,81.,URfejk,19 hours ago,117 points,https://www.xda-developers.com/google-device-lock-controller-banks-payments/,App lets banks lock your financed phone if you default on payment
81,82.,pseudolus,15 hours ago,9 points,https://www.atlasobscura.com/articles/moving-a-museum-whale-skeleton,What it takes to dismantle and move a 40-foot whale skeleton
82,83.,tjalfi,1 day ago,40 points,http://comet.lehman.cuny.edu/griffeth/classes/Spring06/Homeworks/Papers/2_22WhyTCPTimersDontWorkWell.pdf,Why TCP Timers Don’t Work Well (1986) [pdf]
83,84.,Inityx,1 day ago,229 points,https://www.submarinecablemap.com/,Submarine Cable Map
84,85.,ingve,1 day ago,73 points,https://vaemendis.net/ubooquity/,Ubooquity: Free home server for your comics and ebooks library
85,86.,mrbbk,20 hours ago,17 points,http://bhaasha.iiit.ac.in/lipsync/,Wav2Lip: Accurately Lip-Sync Videos to Any Speech
86,87.,cbmuser,16 hours ago,41 points,https://www.youtube.com/watch?v=s_ve0bCC9q4,QEMU 680x0 support [video]
87,88.,abouelatta,18 hours ago,16 points,https://first1000.substack.com/p/sketch,Sketch: From 1 to One Million users
88,89.,iamacyborg,1 day ago,352 points,https://www.jacquescorbytuech.com/writing/marketers-addicted-bad-data,Marketers are addicted to bad data
89,90.,gurjeet,3 hours ago,3 points,https://www.youtube.com/watch?v=wrwgIjBUYVc,A Batter Visualization of Spacetime and General Relativity
90,91.,aberoham,15 hours ago,19 points,https://adamwiggins.com/making-computers-better/pay,We Pay for Software
91,92.,jelliclesfarm,9 hours ago,17 points,https://www.businessinsider.com/cosmic-crisp-apple-washington-state-scientists-2020-11,It can cost over $10M and 22 years to create a new Apple variety.'
92,93.,theonemind,18 hours ago,45 points,https://www.quantamagazine.org/finally-a-problem-that-only-quantum-computers-will-ever-be-able-to-solve-20180621/,"Finally, a Problem That Only Quantum Computers Will Ever Be Able to Solve (2018)"
93,94.,rustoo,21 hours ago,58 points,https://www.cam.ac.uk/research/news/honour-among-thieves-the-study-of-a-cybercrime-marketplace-in-action,Honour among thieves: the study of a cybercrime marketplace in action
94,95.,xoxoy,12 hours ago,30 points,item?id=25029285,Ask HN: How do you regain motivation after achieving financial success?
95,96.,I-M-S,19 hours ago,71 points,https://digital.library.cornell.edu/catalog/ss:19343441,The New Europe With Lasting Peace (100 year old map)
96,97.,educated_idiot,1 day ago,151 points,https://ballertodo.com/,Show HN: Baller ToDo – a no-list todo app
97,98.,mikrosom,20 hours ago,92 points,https://twitter.com/yazijys/status/1325431870780268544,Slack stores browser cookies without user consent
98,99.,mmazzarolo,17 hours ago,77 points,https://mmazzarolo.com/blog/2020-09-28-alfred-github-repos/,Using Alfred to open your GitHub repositories in the browser
99,100.,graposaymaname,1 day ago,138 points,https://blog.whatsapp.com/send-payments-in-india-with-whatsapp/?lang=en,Send Payments in India with WhatsApp
100,101.,tomas789,16 hours ago,9 points,https://www.cmegroup.com/confluence/display/EPICSANDBOX/Supported+Matching+Algorithms,Algorithms behind trading: Order matching (CME)
101,102.,app4soft,19 hours ago,52 points,http://vincentcreative.blogspot.com/2013/01/turning-floppy-disk-in-to-starship.html,Turning a floppy disk in to a Starship (2013)
102,103.,Tomte,1 day ago,173 points,https://spectrum.ieee.org/consumer-electronics/audiovideo/build-your-own-professionalgrade-audio-amp-on-the-sort-of-cheap,Build your own professional-grade audio amp on the sort-of cheap (2018)
103,104.,zeristor,17 hours ago,42 points,https://www.nationalgeographic.com/animals/2019/01/flying-squirrels-fluorescent-secretly-glow-pink/,Flying squirrels glow pink thanks to fluorescence
104,105.,asplake,1 day ago,57 points,https://www.bbc.co.uk/news/business-54511743,The foul-smelling fuel that could power big ships
105,106.,bored_hacker,10 hours ago,4 points,https://boredhacking.com/onboarding-is-not-a-one-way-street/,Onboarding is not a one way street
106,107.,parsecs,15 hours ago,9 points,http://www.righto.com/2020/11/reverse-engineering-carry-lookahead.html,Reverse-engineering the carry-lookahead circuit in the Intel 8008 processor
107,108.,kenforthewin,15 hours ago,8 points,https://litchan.com,"Show HN: Litchan, Link/RSS aggregator with live commenting"
108,109.,homarp,13 hours ago,5 points,https://www.decisions-disruptions.org/,Decisions&Disruptions: tabletop RPG about security in industrial control systems
109,110.,davidoh,18 hours ago,32 points,https://davidoha.medium.com/avoiding-bash-frustration-use-python-for-shell-scripts-44bba8ba1e9e,Avoiding Bash frustration – Use Python for shell scripts
110,111.,remix2000,16 hours ago,32 points,http://cyberniklas.de/pongmechanik/indexen.html,Pongmechanik
111,112.,mqsley,20 hours ago,17 points,https://www.mquinn.online/blog/can-we-talk-about-failure,Can we talk about failure?
112,113.,luu,1 day ago,140 points,https://www.sciencedirect.com/science/article/pii/S1389945720304184,The impact of school shutdown on sleep in adolescents: a natural experiment
113,114.,ptbello,2 days ago,310 points,https://www.sciencedirect.com/science/article/pii/S0010945220303130,Severe brain injury and paralysis temporarily reversed with a sleeping pill
114,115.,spekcular,1 day ago,160 points,https://blog.trailofbits.com/2019/07/08/fuck-rsa/,Stop using RSA (2019)
115,116.,adarshw,1 day ago,34 points,https://vicara.co/nrf52-code-generator,Show HN: GUI for Configuring Pins on a Microcontroller
116,117.,Tomte,3 days ago,686 points,https://lwn.net/SubscriberLink/835962/ae41b27bc20699ad/,Deprecating scp
117,118.,jedisct1,13 hours ago,84 points,https://ziglang.org,Zig 0.7.0 tagged
118,119.,p4bl0,10 hours ago,20 points,https://kate-editor.org/post/2020/2020-11-08-kate-is-soon-20-years-old/,Kate is soon 20 years old
119,120.,gjvc,12 hours ago,3 points,https://github.com/ohmybash/oh-my-bash,"Oh My Bash is an open source, framework for managing your bash configuration"
120,121.,gpff,2 days ago,570 points,https://letsencrypt.org/2020/11/06/own-two-feet.html,Standing on our own two feet
121,122.,BerislavLopac,2 days ago,646 points,https://daverupert.com/2020/11/technical-debt-as-a-lack-of-understanding/,Technical debt as a lack of understanding
122,123.,asicsp,1 day ago,123 points,https://learnbyexample.github.io/learn_perl_oneliners/one-liner-introduction.html,Perl One-Liners Cookbook
123,124.,lisper,11 hours ago,17 points,https://www.youtube.com/watch?v=wrwgIjBUYVc,A new way to visualize General Relativity [video]
124,125.,whereistimbo,1 day ago,157 points,https://www.ncbi.nlm.nih.gov/pmc/articles/PMC6070065/,The Influence of Breathing on the Central Nervous System
125,126.,mannylopez,3 days ago,698 points,https://www.helsinkibusinesshub.fi/90-day-finn/,Helsinki Relocation Package: City as a Service
126,127.,wavelander,1 day ago,137 points,https://deepmath-conference.com/,DeepMath Conference 2020 – Conference on the Mathematical Theory of DNN's
127,128.,durmonski,1 day ago,96 points,https://durmonski.com/productivity/what-is-mind-wandering/,What Is Mind-Wandering and How You Use It to Your Advantage?
128,129.,ryanmjacobs,2 days ago,215 points,https://please-unsubscribe.com,Show HN: Please-unsubscribe.com – fwd emails to unsubscribe from marketing
129,130.,Sami_Lehtinen,20 hours ago,38 points,https://economist.com/briefing/2020/11/07/the-second-wave-of-covid-19-has-sent-much-of-europe-back-into-lockdown,The second wave of Covid-19 has sent much of Europe back into lockdown
130,131.,sprado,1 day ago,127 points,https://embeddedbits.org/introduction-embedded-linux-security-part-1/,Learn how to design and defend an embedded Linux device
131,132.,lharries,13 hours ago,3 points,https://harries.co/trustpilot/,Trustpilot and Difficult Incentive Problems
132,133.,oftenwrong,4 days ago,389 points,https://ebird.org/home,eBird: A crowdsourced bird sighting database
133,134.,bryanrasmussen,19 hours ago,6 points,https://github.com/CopterExpress/clever-show/,Clever-show is a software suite to operate multiple quadcopters over a network
134,135.,justanotherpm,17 hours ago,4 points,https://blog.justanotherpm.com/why-is-ownership-such-an-important-quality-for-great-product-managers-5-reasons/,Why Ownership Is Important for Great Product Managers
135,136.,alex_portabella,1 day ago,41 points,https://portabella.io,Show HN: Portabella – privacy friendly project management
136,137.,jrott,2 days ago,279 points,https://acoup.blog/2020/11/06/collections-iron-how-did-they-make-it-addendum-crucible-steel-and-cast-iron/,"Iron, How Did They Make It, Addendum: Crucible Steel and Cast Iron"
137,138.,known,1 day ago,30 points,https://www.websiteplanet.com/blog/prestige-soft-breach-report/,Hotel Reservation Platform Leaves Millions of People Exposed in Data Breach
138,139.,fosshost,1 day ago,34 points,https://fosshost.org/about,Fosshost launches ARMv8 64-bit eMAG
139,140.,gatsby,1 day ago,162 points,https://laskie.co/playbooks/bootstrapping-b2b-sales,Going from $0 to $2M ARR in 2 years
140,141.,ngranja19,14 hours ago,4 points,https://knowyourworth.site/,Show HN: Glassdoor without fake data: KnowYourWorth
141,142.,flower-giraffe,1 day ago,161 points,https://www.atlassian.com/migration/faqs,Jira on premises end of life starts feb 2021
142,143.,dthread3,18 hours ago,5 points,https://www.revenueforesight.com/blog,Why the Average Customer Lifetime Value is not enough
143,144.,resynth1943,4 days ago,1008 points,https://resynth1943.net/articles/github-source-code-leak/,GitHub Source Code Leak
144,145.,iamacyborg,1 day ago,83 points,http://www.digitalmedia.fi/wp-content/uploads/2018/02/UC_report_final_171213.pdf,Pro Rata and User Centric Distribution Models: A Comparative Study (2017)
145,146.,bornelsewhere,4 days ago,745 points,https://newatlas.com/energy/bavarian-brewery-carbon-free-renewable-iron-fuel/,"Dutch brewery burns iron as a clean, recyclable fuel"
146,147.,CyberShadow,18 hours ago,10 points,https://github.com/CyberShadow/btdu,"Show HN: btdu, a sampling disk usage profiler for btrfs"
147,148.,hbrundage,1 day ago,105 points,https://github.com/thlorenz/v8-perf/blob/master/language-features.md,V8 has optimized new JavaScript language features (2018)
148,149.,FedericoRazzoli,2 days ago,338 points,https://www.redhat.com/sysadmin/cgroups-part-one,A Linux sysadmin's introduction to cgroups
149,150.,nnx,1 day ago,525 points,https://arstechnica.com/science/2020/11/voters-rejecting-the-war-on-drugs-is-a-win-for-public-health/,Voters rejecting the war on drugs is a win for public health
150,151.,ublaze,15 hours ago,9 points,https://reliability.substack.com/p/go-for-internal-services,Go for Internal Services
151,152.,elsewhen,14 hours ago,15 points,https://www.vice.com/en/article/v7memd/police-are-tapping-into-ring-cameras-to-expand-surveillance-network-in-mississippi,Police Are Tapping into Ring Cameras to Expand Surveillance in Mississippi
152,153.,pizza,1 day ago,66 points,https://cdecl.org/,Cdecl – C gibberish ↔ English
153,154.,vortex_ape,1 day ago,216 points,https://djrobstep.com/posts/programs-are-a-prison,Programs are a prison: Rethinking the building blocks of computing interfaces
154,155.,rolph,10 hours ago,9 points,https://www.popularmechanics.com/technology/a20762221/an-early-hacker-used-a-cereal-box-whistle-to-take-over-phone-lines/,An Early Hacker Used a Cereal Box Whistle to Take over Phone Lines
155,156.,pseudolus,1 day ago,65 points,https://www.newstatesman.com/culture/books/2020/11/jbs-haldane-man-who-knew-almost-everything,JBS Haldane: the man who knew almost everything
156,157.,giuliomagnifico,1 day ago,25 points,https://www.autoconnectedcar.com/2020/11/mercedes-benz-mbux-will-talk-to-bosch-smart-home-windows-shutters-sensor-lights-hvac/,Mercedes Benz infotainment soon will be able to control Bosch Smart Home devices
157,158.,bkovacev,22 hours ago,44 points,item?id=25025089,Ask HN: How do you prevent code leak from current/former employees?
158,159.,elfgoh,1 day ago,85 points,https://www.reuters.com/article/us-singapore-environment-dengue-idUSKBN25O03A,Singapore rears moquitoes infected with Wolbachia bacteria to combat dengue
159,160.,joseluisq,18 hours ago,25 points,https://www.reddit.com/r/golang/comments/jqdkc6/upcoming_go_116_reduces_significantly_reduces/,Go 1.16 reduces significantly reduces sizes for built executables
160,161.,joubert,1 day ago,118 points,https://github.com/mame/quine-relay,Quine Relay
161,162.,petercooper,1 day ago,34 points,https://blog.plover.com/talk/slide-download-2.html,A better way to do remote presentations
162,163.,blindm,3 days ago,614 points,https://yqnn.github.io/svg-path-editor/,SVG Path Editor
163,164.,jkuria,6 hours ago,4 points,https://www.linkedin.com/in/andrew-kadatch-06674b3/,One of the Best Engineering Manager Profiles Ever
164,165.,mpweiher,2 days ago,35 points,https://worldwideweb.cern.ch/worldwideweb/,The Browser – WorldWideWeb Next Application
165,166.,_Microft,2 days ago,146 points,https://www.eetasia.com/look-inside-ipad-pro-11s-lidar-scanner/,Look inside iPad Pro 11s Lidar Scanner
166,167.,elsewhen,18 hours ago,33 points,https://www.saastr.com/heres-how-much-your-vcs-make/,How Much VCs Make
167,168.,capableweb,3 days ago,363 points,https://github.com/tomnomnom/gron,Gron – Make JSON Greppable
168,169.,shifty1,2 days ago,108 points,https://www.bbc.co.uk/news/technology-54840773,UK Codemasters Sold to Take-Two Games
169,170.,rbanffy,1 day ago,94 points,https://www.tomshardware.com/news/hoya-hdd-22tb-24tb,HDD Components Maker Hoya Describes 22TB and 24TB Hard Drives
170,171.,edward,11 hours ago,10 points,https://twitter.com/Foone/status/1325564321141678080,The Snood Bloober is an open source reverse-engineered Sound Blaster 1.0 clone
171,172.,harveyesq,1 day ago,105 points,https://lawofvc.substack.com/p/12-episode-the-un-american-rule,The Un-American Rule on VC's Legal Fees
172,173.,laktak,1 day ago,80 points,https://recompilegame.com/,Recompile – a 3D Metroidvania-inspired hacking adventure game
173,174.,URfejk,16 hours ago,67 points,http://techrights.org/2020/11/08/faking-communities/,Large Corporations Aren’t Going to Save the Real Linux Community
174,175.,jseliger,1 day ago,64 points,https://ultimatehackingkeyboard.com/blog/2020/11/05/introducing-the-uhk-60-v2,The ergonomic Ultimate Hacking Keyboard 60: v2
175,176.,kristoff_it,1 day ago,70 points,https://erik-engheim.medium.com/is-zig-the-long-awaited-c-replacement-c8eeace1e692,Is Zig the Long Awaited C Replacement
176,177.,fluctuation,2 days ago,236 points,http://nautil.us/issue/92/frontiers/the-joys-of-being-a-stoic,The Joys of Being a Stoic
177,178.,mlmitch,19 hours ago,6 points,https://weaklayer.com,Show HN: Weaklayer – open-source Browser Detection and Response
178,179.,mpweiher,1 day ago,83 points,https://programming-journal.org/2021/5/10/,Advanced Join Patterns for the Actor Model Based on CEP Techniques
179,180.,rkwasny,14 hours ago,7 points,https://www.youtube.com/watch?v=dIhWQRjlgsI,Fireball over Sweden 2020-11-07
180,181.,todsacerdoti,1 day ago,110 points,https://media.ccc.de/c/arch-conf-2020,Arch Conf 2020
181,182.,ethink,1 day ago,14 points,https://www.ezzeddinabdullah.com/posts/how-to-clean-csv-data-at-the-command-line-part-2,How to Clean CSV Data at the Command Line – Part 2
182,183.,bookofjoe,14 hours ago,9 points,https://www.theguardian.com/us-news/2020/nov/07/emily-harrington-free-climb-el-capitan-yosemite-first-woman,Emily Harrington becomes fourth woman to free-climb El Capitan in a day
183,184.,shamallow,3 days ago,408 points,https://github.com/erebe/personal-server/blob/master/README.md,Managing my personnal servers in 2020 with K3s
184,185.,Osiris30,14 hours ago,16 points,https://medium.com/@ToddCullum/developers-what-handmade-hero-is-and-why-you-should-watch-it-8e88e9c2836e,Developers – What Handmade Hero is and Why you should watch it
185,186.,emptybits,1 day ago,27 points,http://www.cs.bme.hu/~friedl/alg/knuth_song_complexity.pdf,The Complexity of Songs (1984) [pdf]
186,187.,headalgorithm,1 day ago,71 points,https://thegradient.pub/dont-forget-about-associative-memories/,Don’t Forget About Associative Memories
187,188.,Tenoke,3 days ago,254 points,https://www.reuters.com/article/ant-group-ipo-suspension-regulators/how-billionaire-jack-ma-fell-to-earth-and-took-ants-mega-ipo-with-him-idUSKBN27L2GX,Jack Ma fell to earth and took Ant's mega IPO with him
188,189.,never-the-bride,2 days ago,36 points,https://www.mentalfloss.com/article/54273/100-years-dirty-dog-history-greyhound,100 Years on a Dirty Dog: The History of Greyhound (2013)
189,190.,lermontov,2 days ago,35 points,http://www.drb.ie/essays/il-miglior-fabbro,Il Miglior Fabbro
190,191.,chmaynard,2 days ago,179 points,https://sql.js.org/#/,SQL.js: SQLite Compiled to JavaScript
191,192.,1cvmask,10 hours ago,10 points,https://www.androidpolice.com/2020/11/07/many-websites-will-stop-working-on-older-android-versions-in-2021/,Many websites will stop working on older Android versions in 2021
192,193.,samclemens,2 days ago,29 points,https://www.historytoday.com/miscellanies/edith-whartons-moroccan-cliches,Edith Wharton’s Moroccan Clichés
193,194.,fortran77,18 hours ago,15 points,https://www.nationalreview.com/2020/11/for-better-health-and-a-stronger-economy-dont-lock-down-again/,"For Better Health and a Stronger Economy, Don’t Lock Down Again"
194,195.,onion2k,1 day ago,73 points,https://newatlas.com/artist-nanosculptures-smaller-human-hair/34813/,Artist creates nanosculptures smaller than a human hair (2014)
195,196.,lelf,2 days ago,175 points,https://www.cylab.cmu.edu/news/2020/11/05-intrusion.html,Fast open-source intrusion detection
196,197.,Fiveplus,3 days ago,215 points,https://mmhaskell.com/real-world,Real World Haskell
197,198.,tdom,2 days ago,193 points,https://tdom.dev/go-in-production,Go in Production – Lessons Learned
198,199.,cm2187,1 day ago,30 points,https://www.techradar.com/uk/news/apple-arm-cpu-benchmark-leak-vs-intel-core-i9-16-inch-macbook-pro,Leaked Apple ARM CPU benchmark beats Intel Core i9 16-inch MacBook Pro
199,200.,headalgorithm,2 days ago,47 points,https://security.googleblog.com/2020/10/privacy-preserving-features-in-mobile.html,Privacy-preserving features in the Mobile Driving License
200,201.,graderjs,1 day ago,18 points,https://github.com/c9fe/jspaint.exe,Show HN: JSPaint.exe – MS Paint as a cross-platform binary
201,202.,mpweiher,2 days ago,151 points,http://tomasp.net/commodore64/,The Lost Ways of Programming: Commodore 64 Basic
202,203.,adamsea,10 hours ago,17 points,https://www.theguardian.com/world/2020/nov/08/coronavirus-pandemic-trump-biden-strategy-experts,"'worst of the pandemic' ahead in US with no apparent strategy, experts say"
203,204.,pcr910303,1 day ago,87 points,https://alexgaynor.net/2020/sep/24/csv-good-bad-ugly/,"CSVs: The Good, the Bad, and the Ugly"
204,205.,jonbaer,8 hours ago,4 points,https://arstechnica.com/cars/2020/11/carmakers-want-to-ditch-battery-packs-use-auto-bodies-for-energy-storage/,"Carmakers want to ditch battery packs, use auto bodies for energy storage"
205,206.,vitplister,2 days ago,35 points,https://lipkowski.com/etherify/,Etherify – bringing the ether back to ethernet
206,207.,kntoukakis,1 day ago,59 points,https://fosspost.org/mozilla-go-unfck-yourself/,Perhaps Mozilla Should Unfck Itself Before “Unfcking the Internet”
207,208.,rwmj,2 days ago,218 points,https://semiaccurate.com/2020/10/29/intels-palpable-desperation-on-display-with-rocket-lake/,Intel’s palpable desperation on display with Rocket Lake
208,209.,mynotes,17 hours ago,8 points,https://covid-mood.world/,People’s feelings during Coronavirus pandemic
209,210.,gjvc,2 days ago,110 points,http://worrydream.com/EarlyHistoryOfSmalltalk/,The Early History of Smalltalk (1993)
210,211.,dnetesn,1 day ago,66 points,https://phys.org/news/2020-11-hidden-universe.html,Has the hidden matter of the universe been discovered?
211,212.,octopoc,3 days ago,357 points,https://platform.uno/,"Uno: Single-Codebase for Windows, WebAssembly, iOS, macOS, Android and Linux"
212,213.,Anon84,2 days ago,27 points,https://www.nature.com/articles/s41467-020-19244-4,Navigating the landscape of multiplayer games
213,214.,theduder99,20 hours ago,63 points,https://www.fastcompany.com/90570689/acronym-james-barnes-facebook-2020-campaign-advertising,Ex-Facebook Data Experts Spent $75M on Targeted Anti-Trump Ads
214,215.,pavel_lishin,2 days ago,124 points,https://zenorogue.medium.com/what-roguelike-meant-fb8b0e1601a,What “Roguelike” Meant
215,216.,NiceNamesOrg,22 hours ago,6 points,https://nicenames.org,Show HN: Sell those domains you’re not using anymore
216,217.,jelliclesfarm,2 days ago,48 points,https://www.afar.com/magazine/the-wild-story-of-manuka-the-worlds-most-coveted-honey,"Manuka, the World’s Most Coveted Honey (2018)"
217,218.,afkqs,1 day ago,38 points,https://www.businessinsider.com/disney-unveiled-a-robot-with-the-same-gaze-as-humans-2020-11,Disney unveiled an animatronic robot with the same gaze as humans
218,219.,wglb,1 day ago,10 points,https://www.nytimes.com/2020/11/04/books/becky-cooper-we-keep-the-dead-close-harvard-murder.html,New Book Returns to an Irresistible Theme: The Harvard Murder
219,220.,evilsimon,2 days ago,69 points,https://www.sciphijournal.org/index.php/2020/10/01/horizontal-totalitarianism-in-life-and-literature/,Horizontal totalitarianism in life and literature
220,221.,damla,13 hours ago,5 points,https://www.youtube.com/watch?v=1v5DbCbl08M,Tiny home out of an old Silo [video]
221,222.,molozhavyy,2 days ago,20 points,https://invoicy.io/,Show HN: Simple accounting and invoicing software – INVOICY
222,223.,ivm,15 hours ago,7 points,https://twitter.com/NajlaAlariefy/status/1315329838559965191,A City is not a Tree
223,224.,jamyot,2 days ago,182 points,https://unito.io/blog/micromanagement-signs/,Signs you might be a micromanager
224,225.,martinpeck,2 days ago,243 points,https://martinpeck.com/blog/2020/11/06/Raspberry-Pi-400/,Raspberry Pi 400 – First Impressions
225,226.,BinaryBuddha,2 days ago,28 points,https://www.accesscyber.org/department-of-defense-national-security-agency-launch-cybersecurity-initiative-with-historically-black-universities-colleges/,DoD and NSA Launch New Cybersecurity Initiative with HBCUs
226,227.,RandomWorker,1 day ago,52 points,https://www.ncbi.nlm.nih.gov/pmc/articles/PMC7493748/,BMI 30 increases risk of severe Covid and death
227,228.,jelliclesfarm,9 hours ago,4 points,https://mashable.com/article/apple-breeding/,Breeders bring out the best in new apples
228,229.,dleskosky,9 hours ago,5 points,https://www.danielleskosky.com/big-o/,Big-O
229,230.,rustoo,2 days ago,22 points,https://www.aarp.org/work/working-at-50-plus/info-2020/older-workers-burnout.html,Older Workers May Be Less Susceptible to Burnout
230,231.,mpweiher,2 days ago,85 points,https://thestargateproject.com/,"Interactive, 3D printed Stargate with wormhole effect"
231,232.,avastel,3 days ago,283 points,https://datadome.co/bot-detection/how-facebook-was-used-as-a-proxy-by-web-scraping-bots/,Facebook was used as a proxy by web scraping bots
232,233.,pseudolus,23 hours ago,3 points,https://www.bbc.com/news/business-54841528,UK energy plant to use liquid air
233,234.,simonebrunozzi,12 hours ago,4 points,https://www.reddit.com/r/GoogleFi/comments/d0nhdt/how_do_i_disable_voicemail_entirely/,You can't turn off voicemail on Google Fi
234,235.,signa11,3 days ago,55 points,https://hvmi.github.io/blog/2020/11/04/bddisasm.html,Bddisasm: The Bitdefender x86 Disassembler
235,236.,walterbell,1 day ago,9 points,https://insidetowers.com/cell-tower-news-the-big-island-calls-a-halt-to-5g/,The Big Island Hawaii Calls a Halt to 5G
236,237.,pepys,2 days ago,34 points,https://en.wikipedia.org/wiki/Carrosses_à_cinq_sols,Carrosses à Cinq Sols
237,238.,bookofjoe,10 hours ago,3 points,https://phys.org/news/2020-11-indian-fossils-hypothesis-hoofed-mammals.html,Indian fossils support new hypothesis for origin of hoofed mammals
238,239.,todsacerdoti,2 days ago,54 points,https://oldvcr.blogspot.com/2020/11/a-gopher-view-of-gemini.html,A Gopher View of Gemini
239,240.,allenleein,3 days ago,175 points,http://paulgraham.com/googles.html,Why There Aren't More Googles (2008)
240,241.,pier25,4 days ago,362 points,https://ffmpegwasm.github.io/,A pure WebAssembly / JavaScript port of FFmpeg
241,242.,ianwehba,1 day ago,8 points,https://arxiv.org/abs/1908.03795,Eigenvectors from Eigenvalues
242,243.,resotto,1 day ago,11 points,https://github.com/resotto/goilerplate,"Show HN: Clean Boilerplate of Go, Domain-Driven Design, Clean Architecture"
243,244.,airstrike,4 days ago,307 points,https://www.bbc.com/news/world-us-canada-53856776,750M genetically modified mosquitoes to be released in Florida
244,245.,greatgib,16 hours ago,9 points,https://www.smashingmagazine.com/2016/09/reducing-cognitive-overload-for-a-better-user-experience/,Reducing Cognitive Overload for a Better User Experience – Everyone Should Read
245,246.,wyldfire,2 days ago,118 points,https://github.com/Zielon/PBRVulkan,Ray Tracer Sandbox in Vulkan
246,247.,capableweb,17 hours ago,61 points,https://patentscope.wipo.int/search/en/detail.jsf?docId=US301570250&tab=NATIONALBIBLIO,USPS patent for reliable voting system secured with blockchain
247,248.,jonbaer,2 days ago,34 points,https://arxiv.org/abs/2010.12237,Algorithms for Causal Reasoning in Probability Trees
248,249.,Nowado,1 day ago,17 points,item?id=25024385,"Ask HN: So where do I put an article, so it's discoverable, if not on Medium?"
249,250.,gjvc,10 hours ago,3 points,https://www.youtube.com/playlist?list=PL2VAYZE_4wRJi_vgpjsH75kMhN4KsuzR_,Little Bits of Lisp [YouTube]
250,251.,rbanffy,13 hours ago,8 points,https://www.tomshardware.com/how-to/mine-cryptocurrency-raspberry-pi,How to Mine Cryptocurrency with Raspberry Pi
251,252.,iliashad,1 day ago,3 points,https://iliashaddad.com/blog/how-to-build-a-gatsby-website-with-google-sheets,How to build a Gatsby website with Google Sheets
252,253.,zuhayeer,3 days ago,36 points,https://www.scientificamerican.com/article/an-expert-on-voting-machines-explains-how-they-work/,An expert on voting machines explains how they work
253,254.,limist,4 days ago,276 points,https://home.cern/news/announcement/computing/online-introductory-lectures-quantum-computing-6-november,CERN Online introductory lectures on quantum computing from 6 November
254,255.,fanf2,1 day ago,60 points,https://github.com/AndresNavarro82/vt52-fpga,Vt52-FPGA
255,256.,simonpure,2 days ago,191 points,https://i.am.ai/roadmap,AI Expert Roadmap
256,257.,0xad,2 days ago,131 points,https://twitter.com/andrzejdyjak/status/1324360905237372929,What will happen when you commit secrets to a public Git repo?
257,258.,ch_sm,3 days ago,152 points,https://github.com/chipsalliance/Cores-SweRV,Western Digital SweRV RISC-V Core
258,259.,yarapavan,2 days ago,87 points,https://queue.acm.org/detail.cfm?id=3431245,The Die Is Cast: Hardware Security Is Not Assured
259,260.,chewxy,2 days ago,36 points,https://dgraph.io/blog/post/manual-memory-management-golang-jemalloc/,Manual Memory Management in Go using jemalloc
260,261.,renbef,3 days ago,104 points,https://forums.aws.amazon.com/message.jspa?messageID=898894,AWS is not offering Austria's TLD .at for registration
261,262.,simonpure,3 days ago,153 points,https://github.com/themsaid/ibis,Ibis – A PHP tool that helps you write eBooks in markdown and convert to PDF
262,263.,soheilpro,1 day ago,68 points,https://www.cylab.cmu.edu/news/2020/10/20-passwordpolicy.html,Finally: A usable and secure password policy backed by science
263,264.,bloopbloop10000,4 days ago,439 points,https://ugliest.app,Show HN: Ugliest.app – Ugly but good app platform
264,265.,URfejk,1 day ago,14 points,https://www.jacobgoldstein.tk/linux-survival-guide/,Linux – A Survival Guide for Beginners
265,266.,who-knows,2 days ago,25 points,https://salildalvi.substack.com/p/learning-from-quibi,Learning From Quibi
266,267.,rikatee,2 days ago,105 points,https://django.doctor/?show-hn,Show HN: A Django code review bot for GitHub pull requests
267,268.,leostera,2 days ago,132 points,https://abstractmachines.dev/posts/am012-why-typing-erlang-is-hard.html,Why Typing Erlang is Hard: Standard Erlang
268,269.,rkagerer,16 hours ago,6 points,https://www.independent.co.uk/life-style/gadgets-and-tech/star-trek-uss-voyager-3d-print-b1588066.html,Scientists 3D print microscopic starship that moves on its own
269,270.,merelydev,1 day ago,83 points,https://www.gnu.org/gwm/libredocxml/x53.html,Copyright vs. Copyleft (2007)
270,271.,BerislavLopac,1 day ago,11 points,https://ieeexplore.ieee.org/document/9121630,Ur-Technical Debt
271,272.,akhilkg,3 days ago,78 points,http://akhilkg.me/blog/cold-emails,How to write warm emails
272,273.,rbanffy,11 hours ago,5 points,https://medium.com/swlh/writing-performant-parallel-python-code-7e2f0292f438,Writing Performant Parallel Python Code
273,274.,misiti3780,11 hours ago,6 points,https://www.reddit.com/r/AskHistorians/comments/timi4/the_askhistorians_master_book_list/,Reddit AskHistorians – Master History Book List
274,275.,Whiskeyjck,2 days ago,25 points,http://www.kickassux.com/vault,Everything you need to know about UX/UI at a high-level
275,276.,asicsp,1 day ago,11 points,https://learnbyexample.github.io/learn_perl_oneliners/one-liner-introduction.html,Show HN: eBook with hundreds of Perl one-liners
276,277.,Reedx,11 hours ago,3 points,https://www.boredpanda.com/tree-crop-circles-half-century-miyazaki-japan/,Japanese Experiment That Took Half a Century Ended in Tree ‘Crop Circles’
277,278.,cdr6934,1 day ago,28 points,https://generative.substack.com/p/feynman-algorithmic-orchestration,"Feynman, Algorithmic Orchestration and Node Based Programming"
278,279.,mrfusion,1 day ago,43 points,https://www.itv.com/news/2020-11-06/covid-lockdown-mentioned-by-80-of-callers-to-suicide-prevention-helpline,Lockdown mentioned by 80% of callers to suicide prevention helpline – ITV News
279,280.,davidn20,2 days ago,466 points,item?id=25007697,"Ask HN: As a person, what can I do to improve a city?"
280,281.,freddyym,2 days ago,239 points,https://blog.privacytools.io/us-government-continues-encryption-war/,US Government Continues Encryption War
281,282.,hhs,2 days ago,71 points,https://medienportal.univie.ac.at/presse/aktuelle-pressemeldungen/detailansicht/artikel/microbial-space-travel-on-a-molecular-scale/,How extremophilic bacteria survive in space for one year
282,283.,pepys,3 days ago,96 points,https://theconversation.com/what-day-of-the-dead-tells-us-about-the-aztec-philosophy-of-happiness-147552,What Day of the Dead tells us about the Aztec philosophy of happiness
283,284.,part1of2,11 hours ago,4 points,https://www.theguardian.com/news/2020/oct/27/syria-disinformation-war-white-helmets-mayday-rescue-james-le-mesurier,Syria's disinformation wars destroyed the co-founder of the White Helmets
284,285.,bryanrasmussen,1 day ago,5 points,https://chromatone.center/,Chromatone: The Visual Music Language
285,286.,philk10,12 hours ago,4 points,https://spin.atomicobject.com/2020/11/08/sympathetic-joy/#.X6hs3HUqCNQ.hackernews,"Are You Sympathetic to Others’ Joy, or Just Their Sorrow?"
286,287.,elsewhen,12 hours ago,6 points,https://www.wired.co.uk/article/wikipedia-culture-war,A vicious culture war is tearing through Wikipedia
287,288.,khuknows,3 days ago,42 points,https://rocketgems.com/blog/goodbye-uimovement/,Rebuilding from scratch after a cease and desist
288,289.,simonpure,3 days ago,91 points,https://blog.repl.it/anon,ReCAPTCHA and the Anonymous Experience
289,290.,rustoo,1 day ago,4 points,https://dgist.ac.kr/en/html/sub06/060202.html?mode=V&no=54cf49d1498121eb2e7e15cb0ecc48f7&GotoPage=1,Creating 3D Virtual Personas of All-Solid-State Batteries
290,291.,julvo,5 days ago,511 points,https://www.youtube.com/watch?v=6bqBsHSwPgw,Building an artificial sun that looks realistic [video]
291,292.,danboarder,5 days ago,261 points,https://ccfe.ukaea.uk/all-systems-go-for-uks-55m-fusion-energy-experiment/,All systems go for UK’s £55M fusion energy experiment
292,293.,adeiji1,2 days ago,18 points,https://adebayoiji.medium.com/keys-to-your-startups-success-conquer-a-niche-market-34f06ce1b909,Keys to your Startup’s success – Conquer a niche market
293,294.,walterbell,1 day ago,16 points,https://www.delish.com/food-news/a34345878/mason-jar-shortage-2020/,There's a Mason Jar Shortage
294,295.,joubert,1 day ago,27 points,https://azeria-labs.com/writing-arm-assembly-part-1/,Introduction to ARM Assembly Basics
295,296.,soorajchandran,4 days ago,254 points,https://sooraj.io/2020/11/04/stupid-things-i-did-while-building-my-first-startup/,Stupid mistakes I made while building my first startup
296,297.,shalmanese,3 days ago,26 points,https://acoup.blog/2020/11/06/collections-iron-how-did-they-make-it-addendum-crucible-steel-and-cast-iron/,"Iron, How Did They Make It, Addendum: Crucible Steel and Cast Iron"
297,298.,PretzelFisch,12 hours ago,3 points,https://www.youtube.com/watch?v=jWHsLAosIIg&t=851s&ab_channel=TableauSoftware,Types of Displays That Are All (Unfortunately) Called Dashboards(YouTube)
298,299.,signor_bosco,2 days ago,44 points,https://literaryreview.co.uk/masters-of-none,The Polymath: A Cultural History
299,300.,samizdis,2 days ago,557 points,https://pluralistic.net/2020/11/06/horrible-products/#inkwars,HP Instant Ink is “ink as a service”
300,301.,cpow85,3 days ago,184 points,https://browntreelabs.com/from-vim-to-intellij/,Switching from Vim to Intellij
301,302.,whereistimbo,4 days ago,146 points,https://teknikaldomain.me/post/ipv6-is-a-total-nightmare/,IPv6 Is a Nightmare
302,303.,rustoo,1 day ago,128 points,https://news.cornell.edu/stories/2020/11/policy-not-tech-spurred-danish-dominance-wind-energy,"Policy, not tech, spurred Danish dominance in wind energy"
303,304.,graderjs,3 days ago,114 points,https://github.com/c9fe/sirdb,Show HN: Sir – Git-diff-able JSON database on yer filesystem
304,305.,lelf,3 days ago,166 points,https://anu.dev/,"Anu: A sound, distributed version control systema"
305,306.,chmaynard,3 days ago,48 points,https://lwn.net/SubscriberLink/835962/2064b65b35d8ee12/,Deprecating scp
306,307.,smusamashah,4 days ago,243 points,https://vimflowy.netlify.app/,Vimflowy
307,308.,avibu,4 days ago,157 points,https://securethoughts.com/hosting-provider-exposed-63-million-customer-records/,Hosting Provider Leaked 63M Records Including Magento and WordPress Credentials
308,309.,ikeboy,3 days ago,286 points,https://torrentfreak.com/netflix-targets-critical-cuties-tweets-with-copyright-takedown-requests-201105/,Netflix Targets Critical ‘Cuties’ Tweets with Copyright Takedown Requests
309,310.,vonadz,2 days ago,62 points,https://blog.demofox.org/2020/11/04/frequency-domain-image-compression-and-filtering/,Frequency Domain Image Compression and Filtering
310,311.,Kinzeng,2 days ago,27 points,https://blog.arctype.com/3-tools-to-scale-your-side-projects/,3 Tools to Scale Your Side Projects
311,312.,JasonWilliams,1 day ago,7 points,https://kno.today,KNO – A faster better way of achieving the things you want
312,313.,axyjo,3 days ago,160 points,https://support.apple.com/en-us/HT211940,About the security content of iOS 12.4.9
313,314.,azhenley,2 days ago,104 points,https://blog.sigplan.org/2020/10/27/whats-the-role-of-developer-experience-in-programming-languages-research/,What’s the Role of Developer Experience in Programming Languages Research?
314,315.,URfejk,1 day ago,45 points,https://www.theverge.com/21550815/windows-microsoft-linux-mint-laptop-how-to-switch,How to switch an old Windows laptop to Linux
315,316.,Reedx,3 days ago,31 points,https://newatlas.com/health-wellbeing/psilocybin-therapy-major-depression-trial-results-johns-hopkins/,"Psilocybin therapy 4 times more effective than antidepressants, study finds"
316,317.,bloat,4 days ago,310 points,https://www.theguardian.com/technology/2020/nov/04/silk-road-bitcoins-worth-1bn-change-hands-after-seven-years,Silk Road Bitcoins worth $1B transferred after seven years
317,318.,bookofjoe,2 days ago,80 points,https://phys.org/news/2020-11-thousand-fold-nonlinearity-silicon.html,A one hundred thousand-fold enhancement in the nonlinearity of silicon
318,319.,harperlee,2 days ago,111 points,https://pymc-devs.medium.com/the-future-of-pymc3-or-theano-is-dead-long-live-theano-d8005f8a0e9b,"PyMC: Theano Is Dead, Long Live Theano"
319,320.,bgpdude,1 day ago,25 points,https://twitter.com/atoonk/status/1325198073383903233,Zoom buys two new IPv4 /16 blocks in a week
320,321.,jger15,2 days ago,33 points,https://diff.substack.com/p/big-tech-sees-like-a-state,Big Tech Sees Like a State
321,322.,nabla9,3 days ago,31 points,https://genomebiology.biomedcentral.com/articles/10.1186/s13059-020-02133-w,A Hypothesis Is a Liability
322,323.,allthings,3 days ago,30 points,https://literaryreview.co.uk/hooked-on-a-feline,Hooked on a Feline
323,324.,polm23,3 days ago,87 points,https://www.technologyreview.com/2020/09/03/1007716/digital-gardens-let-you-cultivate-your-own-little-bit-of-the-internet/,Digital gardens let you cultivate your own little bit of the internet
324,325.,msolujic,1 day ago,7 points,https://www.infoq.com/articles/implementing-evolutionary-architecture/,Implementing a Staged Approach to Evolutionary Architecture
325,326.,jbegley,3 days ago,347 points,https://www.vice.com/en/article/akdgz8/us-feds-seize-1-billion-in-bitcoin-from-wallet-linked-to-silk-road,U.S. Feds Seized Nearly $1B in Bitcoin from Wallet Linked to Silk Road
326,327.,aschatten,1 day ago,23 points,https://www.ic3.gov/Media/News/2020/201103-3.pdf,FBI: Hackers stole Source Code of US Agencies due to SonarQube misconfiguration [pdf]
327,328.,pimterry,2 days ago,86 points,https://alan-lang.org/the-turing-completeness-problem.html,The Turing-Completeness Problem
328,329.,BerislavLopac,3 days ago,179 points,http://cristal.inria.fr/~weis/info/commandline.html,In the Beginning was the Command Line (1999)
329,330.,priyadarshy,4 days ago,105 points,item?id=24990238,Launch HN: Sunsama (YC W19) – Daily Planner for Busy People
330,331.,todsacerdoti,1 day ago,6 points,https://github.com/axelson/dep_viz,Axelson/dep_viz – a visual tool to understand Elixir recompilation
331,332.,crispinh,4 days ago,151 points,https://musescore.org/en/node/312563,Update on MuseScore 3.6 and 4.0
332,333.,NalNezumi,5 days ago,288 points,https://www.sciencemag.org/careers/2016/03/how-seriously-read-scientific-paper,How to seriously read a scientific paper
333,334.,freediver,4 days ago,135 points,https://nlp.stanford.edu/~johnhew/rnns-hierarchy.html,The Unreasonable Syntactic Expressivity of RNNs
334,335.,Digit-Al,3 days ago,45 points,https://www.gq.com/story/the-great-cannonball-boom,The Great Cannonball Boom
335,336.,TakakiTohno,17 hours ago,8 points,https://lionbridge.ai/articles/how-to-build-a-twitter-sentiment-analysis-system/,How to Build a Twitter Sentiment Analysis System
336,337.,simonebrunozzi,1 day ago,24 points,https://www.gq.com/story/tim-ferriss-interview-quarantine-psychedelics,Tim Ferriss Has Changed His Mind About Success
337,338.,dragonsh,5 days ago,283 points,https://github.com/ocornut/imgui,Dear ImGui – Bloat-free graphical user interface library for C++
338,339.,blewboarwastake,3 days ago,41 points,http://theody.net/elements.html,The Elements of Style: Unix as Literature
339,340.,visviva,3 days ago,179 points,https://lwn.net/SubscriberLink/835930/47c363bef07134a4/,An Introduction to Pluto
340,341.,pella,3 days ago,431 points,https://www.anandtech.com/print/16214/amd-zen-3-ryzen-deep-dive-review-5950x-5900x-5800x-and-5700x-tested,AMD Zen 3 Ryzen Deep Dive Review
341,342.,headalgorithm,3 days ago,111 points,https://www.hillelwayne.com/post/queueing-prism/,Two Workers Are Quadratically Better Than One
342,343.,botayhard,2 days ago,56 points,https://www.percona.com/community-blog/2020/10/23/mayastor-lightning-fast-storage-for-kubernetes/,Mayastor: Lightning Fast Storage for Kubernetes
343,344.,todsacerdoti,2 days ago,24 points,https://dan.hersam.com/2020/11/06/local-docker-port-exposed/,Local Docker Port Exposed
344,345.,lelf,4 days ago,213 points,https://blog.erlang.org/a-first-look-at-the-jit/,A First Look at the JIT
345,346.,dannyobrien,3 days ago,413 points,https://www.eff.org/deeplinks/2020/11/riaa-abuses-dmca-take-down-popular-tool-downloading-online-video,RIAA Abuses DMCA to Take Down Popular Tool for Downloading Online Videos
346,347.,wwarner,4 days ago,183 points,https://go.googlesource.com/proposal/+/refs/heads/master/design/go2draft-type-parameters.md,Go Type Parameters – Draft Design
347,348.,betimd,3 days ago,40 points,item?id=24997104,Show HN: Ambra – Task Management Reinvented
348,349.,joubert,1 day ago,6 points,https://nanochess.org/chess4.html,JavaScript Chess Game in 2.1kb
349,350.,friendly_chap,3 days ago,153 points,https://crufter.com/cli-first-paas,We are building a CLI first PaaS without a web frontend
350,351.,stargrave,4 days ago,129 points,https://www.vidarholen.net/contents/blog/?p=904,Echo/printf to write images in 5 LoC with zero libraries or headersnetpbm
351,352.,111112222,21 hours ago,9 points,https://roadmap.sh/android,Step by step guide to becoming an Android developer
352,353.,headalgorithm,2 days ago,15 points,https://www.bbc.com/news/business-54841528,UK energy plant to use liquid air
353,354.,charlysl,3 days ago,109 points,https://ocw.mit.edu/courses/sloan-school-of-management/15-s08-fintech-shaping-the-financial-world-spring-2020/index.htm,FinTech: Shaping the Financial World
354,355.,colesantiago,4 days ago,276 points,https://twitter.com/GuerrillaMail/status/1324190197580328961,OVH Cloud shuts down Guerrilla Mail
355,356.,Mojah,4 days ago,41 points,https://ma.ttias.be/double-clicking-on-the-web/,Doubleclicking on the Web (2015)
356,357.,panabee,2 days ago,122 points,https://osher.ucsf.edu/patient-care/integrative-medicine-resources/cancer-and-nutrition/faq/cancer-and-fasting-calorie-restriction,Impact of fasting and calorie restriction on cancer cells
357,358.,MrRobotics,1 day ago,6 points,https://thefollowingfan.com,Show HN: Following Fan – robotic fan that rotates to say pointed at you
358,359.,Fission,3 days ago,119 points,https://satchel.com/live-chat/,A guide to live chat tools for startups
359,360.,kerrarbone,1 day ago,4 points,https://antmedia.io/free-trial/,"Scalable, Ultra Low Latency and Adaptive WebRTC Streaming Free Server"
